[
    {
      "label": "Qui était surnommé (Le Roi Soleil) ?",
      "quizId": 1585484199717,
      "questionId": 1,
       "answers": [
        {
          "value": "Henri IV",
          "isCorrect": false
        },
        {
          "value": "Louis XIV",
          "isCorrect": true
        },
         {
           "value": "Jeanne d'Arc",
           "isCorrect": false
         },
         {
           "value": "Jean-Paul Sartre",
           "isCorrect": false
         }
      ]

    },
  {
    "label": "Comment sont appelés les jeux pour jouer en famille ?",
    "quizId": 1585484199718,
    "questionId": 2,
    "answers": [
      {
        "value": "Jeux vidéos",
        "isCorrect": false
      },
      {
        "value": "Jeux de société",
        "isCorrect": true
      },
      {
        "value": "Jeux télévisés",
        "isCorrect": false
      },
      {
        "value": "Jeux sportifs",
        "isCorrect": false
      }
    ]

  },
  {
    "label": "Comment sont appelés les jeux qui passent à la télé ?",
    "quizId": 1585484199718,
    "questionId": 3,
    "answers": [
      {
        "value": "Jeux vidéos",
        "isCorrect": false
      },
      {
        "value": "Jeux de société",
        "isCorrect": false
      },
      {
        "value": "Jeux télévisés",
        "isCorrect": true
      },
      {
        "value": "Jeux sportifs",
        "isCorrect": false
      }
    ]

  },
    {
      "label": "Qui a joué au PSG ?",
      "quizId":1585484199719,
      "questionId": 3

    }
]
