[
    {
      "name": "Antiquité",
      "themeId": 5,
      "id": 1585484199717,
      "numberOfQuestion": 3
    },
    {
      "name": "Insectes et Coquelicots",
      "themeId": 2,
      "id": 1585484199719,
      "numberOfQuestion": 2
    },
    {
      "name": "Jeux de famille",
      "themeId": 3,
      "id": 1585484199718,
      "numberOfQuestion": 4
    },
    {
      "name": "Volleyball",
      "themeId": 1,
      "id": 1585484199716,
      "numberOfQuestion": 6
    }
  ]
